abarry = Andy Barry <abarry@csail.mit.edu>
adkoele = Anne Koelewijn <adkoele@mit.edu>
alicez = Alice Zielinski <alicez@mit.edu>
antone = Mathew Antone <antone@csail.mit.edu>
avalenzu = Andres Valenzuela <avalenzu@csail.mit.edu>
cdarpino = Claudia Pérez D'Arpino <cdarpino@csail.mit.edu>
cdolan = Christopher G Dolan <cdolan@mit.edu>
ceci91 = Cecilia Cantu <ceci91@mit.edu>
daih = Hongkai Dai <hongkai@csail.mit.edu>
dehann = Dehann Fourie <dehann@csail.mit.edu>
dhruv = Dhruv Puri <dhruv@mit.edu>
drc = drc <drc@csail.mit.edu>
gizatt = Gregory Izatt <gizatt@mit.edu>
hej = Jonathan Hechtbauer <hej@mit.edu>
hongkai = Hongkai Dai <hongkai@csail.mit.edu>
ine = Isaac Evans <ine@mit.edu>
jbrooksh = Jon Brookshire <jbrooksh@csail.mit.edu>
joe = Joseph Moore <jlmoore@csail.mit.edu>
jsteinha = Jacob Steinhardt <jsteinha@mit.edu>
mdicicco = Matt DiCicco <mdicicco@csail.mit.edu>
mfallon = Maurice Fallon <mfallon@csail.mit.edu>
mfleder = Michael S Fleder <mfleder@mit.edu>
mmt = Mark Tobenkin <mmt@mit.edu>
mjp = Mark Pearrow <mpearrow@csail.mit.edu>
mpearrow = Mark Pearrow <mpearrow@csail.mit.edu>
mposa = Michael Posa <mposa@csail.mit.edu>
mwalter = Matthew Walter <mwalter@csail.mit.edu>
patmarion = Pat Marion <james.patrick.marion@gmail.com>
peterkty = Peter K.T Yu <peterkty@csail.mit.edu>
pilardi = Paul Ilardi <paul.ilardi@baesystems.com>
ppetrova = Plamena Petrova <plamena.petrova@baesystems.com>
rdeits = Robin Deits <rdeits@csail.mit.edu>
rhammoud = Riad Hammoud <riad.hammoud@baesystems.com>
russt = Russ Tedrake <russt@csail.mit.edu>
sachih = Sachi Hemachandra <sachih@csail.mit.edu>
scottk = Scott Kuindersma <kuindersma@gmail.com>
seth = Seth Teller <teller@csail.mit.edu>
sisir = Sisir Karumanchi <sisir@mit.edu>
spillai = Sudeep Pillai <spillai@csail.mit.edu>
stevenjj = Steven Jorgensen <stevenjj@mit.edu>
tes = Toby Schneider <tes@mit.edu>
tkoolen = Twan Koolen <tkoolen@csail.mit.edu>
tmhoward = Thomas Howard <tmhoward@csail.mit.edu>
